區,里,里代碼,分隊
新營區,忠政里,67000010001,新營分隊
新營區,民權里,67000010002,新營分隊
新營區,三仙里,67000010003,新營分隊
新營區,大宏里,67000010007,新營分隊
新營區,王公里,67000010008,新營分隊
新營區,中營里,67000010009,新營分隊
新營區,土庫里,67000010010,新營分隊
新營區,南興里,67000010012,新營分隊
新營區,興業里,67000010013,新營分隊
新營區,民生里,67000010014,新營分隊
新營區,民榮里,67000010015,新營分隊
新營區,埤寮里,67000010016,新營分隊
新營區,護鎮里,67000010017,新營分隊
新營區,太南里,67000010018,新營分隊
新營區,太北里,67000010019,新營分隊
新營區,南紙里,67000010020,新營分隊
新營區,嘉芳里,67000010021,新營分隊
新營區,五興里,67000010025,新營分隊
新營區,姑爺里,67000010026,新營分隊
新營區,新北里,67000010027,新營分隊
新營區,新南里,67000010028,新營分隊
新營區,新東里,67000010029,新營分隊
新營區,永平里,67000010030,新營分隊
柳營區,士林里,67000040001,柳營分隊
柳營區,光福里,67000040002,柳營分隊
柳營區,中埕里,67000040003,柳營分隊
柳營區,東昇里,67000040004,柳營分隊
柳營區,八翁里,67000040005,柳營分隊
柳營區,人和里,67000040006,柳營分隊
柳營區,太康里,67000040007,柳營分隊
柳營區,重溪里,67000040008,柳營分隊
柳營區,篤農里,67000040009,柳營分隊
柳營區,大農里,67000040010,柳營分隊
柳營區,神農里,67000040011,柳營分隊
柳營區,果毅里,67000040012,柳營分隊
柳營區,旭山里,67000040013,柳營分隊
鹽水區,水秀里,67000020001,鹽水分隊
鹽水區,橋南里,67000020008,鹽水分隊
鹽水區,汫水里,67000020010,鹽水分隊
鹽水區,岸內里,67000020011,鹽水分隊
鹽水區,歡雅里,67000020014,鹽水分隊
鹽水區,津城里,67000020026,鹽水分隊
鹽水區,月港里,67000020027,鹽水分隊
鹽水區,三明里,67000020028,鹽水分隊
鹽水區,義中里,67000020029,鹽水分隊
鹽水區,文昌里,67000020030,鹽水分隊
鹽水區,竹林里,67000020031,鹽水分隊
鹽水區,三和里,67000020032,鹽水分隊
鹽水區,坔頭港里,67000020033,鹽水分隊
白河區,白河里,67000030001,白河分隊
白河區,永安里,67000030002,白河分隊
白河區,外角里,67000030003,白河分隊
白河區,庄內里,67000030004,白河分隊
白河區,秀祐里,67000030005,白河分隊
白河區,河東里,67000030006,白河分隊
白河區,虎山里,67000030007,白河分隊
白河區,大林里,67000030008,白河分隊
白河區,崁頭里,67000030009,白河分隊
白河區,六溪里,67000030010,白河分隊
白河區,大竹里,67000030014,白河分隊
白河區,竹門里,67000030018,白河分隊
白河區,崎內里,67000030019,白河分隊
白河區,昇安里,67000030020,白河分隊
白河區,汴頭里,67000030021,白河分隊
白河區,內角里,67000030022,白河分隊
白河區,詔豐里,67000030025,白河分隊
白河區,廣蓮里,67000030026,白河分隊
白河區,馬稠後里,67000030027,白河分隊
白河區,仙草里,67000030011,關嶺分隊
白河區,關嶺里,67000030012,關嶺分隊
後壁區,後壁里,67000050001,後壁分隊
後壁區,侯伯里,67000050002,後壁分隊
後壁區,嘉苳里,67000050003,後壁分隊
後壁區,土溝里,67000050004,後壁分隊
後壁區,竹新里,67000050010,後壁分隊
後壁區,新東里,67000050011,後壁分隊
後壁區,頂安里,67000050012,後壁分隊
後壁區,長安里,67000050013,後壁分隊
後壁區,福安里,67000050014,後壁分隊
後壁區,菁寮里,67000050018,後壁分隊
後壁區,新嘉里,67000050019,後壁分隊
後壁區,長短樹里,67000050022,後壁分隊
後壁區,上茄苳里,67000050023,後壁分隊
後壁區,菁豐里,67000050024,後壁分隊
東山區,林安里,67000060010,東原分隊
東山區,東原里,67000060011,東原分隊
東山區,嶺南里,67000060012,東原分隊
東山區,南勢里,67000060013,東原分隊
東山區,青山里,67000060014,東原分隊
東山區,高原里,67000060015,東原分隊
東山區,東山里,67000060001,東山分隊
東山區,東中里,67000060002,東山分隊
東山區,東正里,67000060003,東山分隊
東山區,三榮里,67000060004,東山分隊
東山區,大客里,67000060005,東山分隊
東山區,科里里,67000060006,東山分隊
東山區,東河里,67000060007,東山分隊
東山區,南溪里,67000060008,東山分隊
東山區,水雲里,67000060009,東山分隊
東山區,聖賢里,67000060016,東山分隊
麻豆區,東角里,67000070003,麻豆分隊
麻豆區,晋江里,67000070004,麻豆分隊
麻豆區,巷口里,67000070005,麻豆分隊
麻豆區,中興里,67000070006,麻豆分隊
麻豆區,興農里,67000070007,麻豆分隊
麻豆區,油車里,67000070009,麻豆分隊
麻豆區,北勢里,67000070010,麻豆分隊
麻豆區,大埕里,67000070011,麻豆分隊
麻豆區,南勢里,67000070014,麻豆分隊
麻豆區,寮廍里,67000070015,麻豆分隊
麻豆區,埤頭里,67000070017,麻豆分隊
麻豆區,海埔里,67000070019,麻豆分隊
麻豆區,港尾里,67000070021,麻豆分隊
麻豆區,麻口里,67000070022,麻豆分隊
麻豆區,安業里,67000070024,麻豆分隊
麻豆區,安正里,67000070028,麻豆分隊
麻豆區,新興里,67000070030,麻豆分隊
麻豆區,謝厝寮里,67000070031,麻豆分隊
麻豆區,井東里,67000070032,麻豆分隊
麻豆區,清水里,67000070033,麻豆分隊
下營區,下營里,67000080001,下營分隊
下營區,仁里里,67000080002,下營分隊
下營區,宅內里,67000080003,下營分隊
下營區,後街里,67000080004,下營分隊
下營區,新興里,67000080005,下營分隊
下營區,營前里,67000080006,下營分隊
下營區,開化里,67000080011,下營分隊
下營區,西連里,67000080012,下營分隊
下營區,賀建里,67000080013,下營分隊
下營區,茅營里,67000080016,下營分隊
下營區,大吉里,67000080017,下營分隊
下營區,紅甲里,67000080018,下營分隊
六甲區,六甲里,67000090001,六甲分隊
六甲區,甲東里,67000090002,六甲分隊
六甲區,甲南里,67000090003,六甲分隊
六甲區,七甲里,67000090005,六甲分隊
六甲區,二甲里,67000090006,六甲分隊
六甲區,水林里,67000090007,六甲分隊
六甲區,中社里,67000090008,六甲分隊
六甲區,龜港里,67000090009,六甲分隊
六甲區,菁埔里,67000090010,六甲分隊
六甲區,王爺里,67000090011,六甲分隊
六甲區,大丘里,67000090012,六甲分隊
官田區,官田里,67000100001,官田分隊
官田區,二鎮里,67000100002,官田分隊
官田區,大崎里,67000100005,官田分隊
官田區,隆田里,67000100006,官田分隊
官田區,隆本里,67000100007,官田分隊
官田區,南廍里,67000100008,官田分隊
官田區,社子里,67000100013,官田分隊
官田區,烏山頭里,67000100014,官田分隊
官田區,渡拔里,67000100015,官田分隊
官田區,東庄里,67000100017,官田分隊
官田區,西庄里,67000100018,官田分隊
大內區,石湖里,67000110001,大內分隊
大內區,石林里,67000110002,大內分隊
大內區,石城里,67000110003,大內分隊
大內區,內江里,67000110004,大內分隊
大內區,大內里,67000110005,大內分隊
大內區,內郭里,67000110006,大內分隊
大內區,頭社里,67000110007,大內分隊
大內區,環湖里,67000110008,大內分隊
大內區,二溪里,67000110009,大內分隊
大內區,曲溪里,67000110010,大內分隊
玉井區,玉井里,67000230001,玉井分隊
玉井區,玉田里,67000230002,玉井分隊
玉井區,中正里,67000230003,玉井分隊
玉井區,竹圍里,67000230004,玉井分隊
玉井區,沙田里,67000230005,玉井分隊
玉井區,三埔里,67000230006,玉井分隊
玉井區,三和里,67000230007,玉井分隊
玉井區,望明里,67000230008,玉井分隊
玉井區,層林里,67000230009,玉井分隊
玉井區,豐里里,67000230010,玉井分隊
楠西區,楠西里,67000240001,楠西分隊
楠西區,灣丘里,67000240002,楠西分隊
楠西區,密枝里,67000240003,楠西分隊
楠西區,照興里,67000240004,楠西分隊
楠西區,鹿田里,67000240005,楠西分隊
楠西區,龜丹里,67000240006,楠西分隊
楠西區,東勢里,67000240007,楠西分隊
南化區,南化里,67000250001,南化分隊
南化區,小崙里,67000250002,南化分隊
南化區,中坑里,67000250003,南化分隊
南化區,北平里,67000250004,南化分隊
南化區,東和里,67000250005,南化分隊
南化區,西埔里,67000250006,南化分隊
南化區,北寮里,67000250007,南化分隊
南化區,玉山里,67000250008,南化分隊
南化區,關山里,67000250009,南化分隊
佳里區,東寧里,67000120001,佳里分隊
佳里區,忠仁里,67000120002,佳里分隊
佳里區,鎮山里,67000120003,佳里分隊
佳里區,建南里,67000120004,佳里分隊
佳里區,安西里,67000120005,佳里分隊
佳里區,六安里,67000120006,佳里分隊
佳里區,佳化里,67000120007,佳里分隊
佳里區,海澄里,67000120012,佳里分隊
佳里區,民安里,67000120019,佳里分隊
佳里區,子龍里,67000120020,佳里分隊
佳里區,營溪里,67000120022,佳里分隊
佳里區,文新里,67000120023,佳里分隊
佳里區,佳興里,67000120024,佳里分隊
佳里區,下營里,67000120025,佳里分隊
佳里區,塭內里,67000120026,佳里分隊
佳里區,南勢里,67000120027,佳里分隊
西港區,西港里,67000140001,西港分隊
西港區,南海里,67000140002,西港分隊
西港區,港東里,67000140003,西港分隊
西港區,檨林里,67000140004,西港分隊
西港區,後營里,67000140005,西港分隊
西港區,營西里,67000140006,西港分隊
西港區,金砂里,67000140007,西港分隊
西港區,劉厝里,67000140008,西港分隊
西港區,竹林里,67000140009,西港分隊
西港區,永樂里,67000140010,西港分隊
西港區,新復里,67000140011,西港分隊
西港區,慶安里,67000140012,西港分隊
七股區,後港里,67000150001,七股分隊
七股區,大潭里,67000150002,七股分隊
七股區,篤加里,67000150004,七股分隊
七股區,頂山里,67000150005,七股分隊
七股區,西寮里,67000150006,七股分隊
七股區,塩埕里,67000150007,七股分隊
七股區,龍山里,67000150008,七股分隊
七股區,溪南里,67000150009,七股分隊
七股區,七股里,67000150010,七股分隊
七股區,玉成里,67000150011,七股分隊
七股區,大埕里,67000150012,七股分隊
七股區,樹林里,67000150015,七股分隊
七股區,中寮里,67000150017,七股分隊
七股區,竹橋里,67000150018,七股分隊
七股區,義合里,67000150019,七股分隊
七股區,永吉里,67000150021,七股分隊
七股區,三股里,67000150022,七股分隊
七股區,十份里,67000150023,七股分隊
學甲區,仁得里,67000130001,學甲分隊
學甲區,新榮里,67000130002,學甲分隊
學甲區,光華里,67000130003,學甲分隊
學甲區,宅港里,67000130004,學甲分隊
學甲區,慈福里,67000130005,學甲分隊
學甲區,秀昌里,67000130006,學甲分隊
學甲區,明宜里,67000130007,學甲分隊
學甲區,豐和里,67000130008,學甲分隊
學甲區,平和里,67000130009,學甲分隊
學甲區,新達里,67000130010,學甲分隊
學甲區,大灣里,67000130011,學甲分隊
學甲區,三慶里,67000130012,學甲分隊
學甲區,中洲里,67000130013,學甲分隊
北門區,保吉里,67000170001,北門分隊
北門區,雙春里,67000170002,北門分隊
北門區,北門里,67000170005,北門分隊
北門區,錦湖里,67000170006,北門分隊
北門區,三光里,67000170007,北門分隊
北門區,玉港里,67000170009,北門分隊
北門區,慈安里,67000170011,北門分隊
北門區,永隆里,67000170013,北門分隊
北門區,蚵寮里,67000170014,北門分隊
北門區,文山里,67000170015,北門分隊
將軍區,長榮里,67000160001,將軍分隊
將軍區,玉山里,67000160013,將軍分隊
將軍區,廣山里,67000160014,將軍分隊
將軍區,長沙里,67000160015,將軍分隊
將軍區,平沙里,67000160016,將軍分隊
將軍區,鯤鯓里,67000160017,將軍分隊
將軍區,鯤溟里,67000160018,將軍分隊
將軍區,巷埔里,67000160019,將軍分隊
將軍區,西甲里,67000160020,將軍分隊
將軍區,忠嘉里,67000160021,將軍分隊
將軍區,苓仔寮里,67000160022,將軍分隊
將軍區,將軍里,67000160023,將軍分隊
善化區,東關里,67000190001,善化分隊
善化區,坐駕里,67000190002,善化分隊
善化區,光文里,67000190003,善化分隊
善化區,文昌里,67000190004,善化分隊
善化區,南關里,67000190005,善化分隊
善化區,文正里,67000190008,善化分隊
善化區,胡家里,67000190009,善化分隊
善化區,胡厝里,67000190010,善化分隊
善化區,什乃里,67000190011,善化分隊
善化區,溪美里,67000190012,善化分隊
善化區,六分里,67000190013,善化分隊
善化區,六德里,67000190014,善化分隊
善化區,田寮里,67000190015,善化分隊
善化區,牛庄里,67000190018,善化分隊
善化區,嘉北里,67000190019,善化分隊
善化區,嘉南里,67000190020,善化分隊
善化區,小新里,67000190021,善化分隊
善化區,頂街里,67000190022,善化分隊
善化區,昌隆里,67000190023,善化分隊
善化區,蓮潭里,67000190024,善化分隊
新市區,新市里,67000200001,新市分隊
新市區,新和里,67000200002,新市分隊
新市區,社內里,67000200003,新市分隊
新市區,大洲里,67000200004,新市分隊
新市區,豐華里,67000200005,新市分隊
新市區,三舍里,67000200006,新市分隊
新市區,大營里,67000200007,新市分隊
新市區,大社里,67000200008,新市分隊
新市區,潭頂里,67000200009,新市分隊
新市區,港墘里,67000200010,新市分隊
新市區,永就里,67000200011,新市分隊
安定區,蘇林里,67000210001,安定分隊
安定區,蘇厝里,67000210002,安定分隊
安定區,安定里,67000210003,安定分隊
安定區,安加里,67000210004,安定分隊
安定區,港尾里,67000210006,安定分隊
安定區,中榮里,67000210007,安定分隊
安定區,港口里,67000210008,安定分隊
安定區,港南里,67000210009,安定分隊
安定區,中沙里,67000210012,安定分隊
安定區,新吉里,67000210013,安定分隊
安定區,海寮里,67000210014,安定分隊
安定區,文科里,67000210017,安定分隊
安定區,嘉同里,67000210018,安定分隊
山上區,明和里,67000220001,山上分隊
山上區,南洲里,67000220002,山上分隊
山上區,山上里,67000220003,山上分隊
山上區,新莊里,67000220004,山上分隊
山上區,玉峯里,67000220005,山上分隊
山上區,平陽里,67000220006,山上分隊
山上區,豐德里,67000220007,山上分隊
左鎮區,光和里,67000260001,左鎮分隊
左鎮區,榮和里,67000260002,左鎮分隊
左鎮區,左鎮里,67000260003,左鎮分隊
左鎮區,中正里,67000260004,左鎮分隊
左鎮區,睦光里,67000260005,左鎮分隊
左鎮區,內庄里,67000260006,左鎮分隊
左鎮區,澄山里,67000260007,左鎮分隊
左鎮區,岡林里,67000260008,左鎮分隊
左鎮區,草山里,67000260009,左鎮分隊
左鎮區,二寮里,67000260010,左鎮分隊
新化區,武安里,67000180001,新化分隊
新化區,東榮里,67000180002,新化分隊
新化區,護國里,67000180003,新化分隊
新化區,太平里,67000180004,新化分隊
新化區,協興里,67000180009,新化分隊
新化區,唪口里,67000180010,新化分隊
新化區,北勢里,67000180011,新化分隊
新化區,豐榮里,67000180012,新化分隊
新化區,全興里,67000180013,新化分隊
新化區,崙頂里,67000180014,新化分隊
新化區,知義里,67000180015,新化分隊
新化區,山脚里,67000180016,新化分隊
新化區,大坑里,67000180017,新化分隊
新化區,𦰡拔里,67000180018,新化分隊
新化區,羊林里,67000180019,新化分隊
新化區,礁坑里,67000180020,新化分隊
永康區,大灣里,67000310012,大灣分隊
永康區,東灣里,67000310013,大灣分隊
永康區,西灣里,67000310014,大灣分隊
永康區,南灣里,67000310015,大灣分隊
永康區,崑山里,67000310016,大灣分隊
永康區,北灣里,67000310017,大灣分隊
永康區,新樹里,67000310018,大灣分隊
永康區,西勢里,67000310023,大灣分隊
永康區,北興里,67000310040,大灣分隊
永康區,五王里,67000310001,復興分隊
永康區,復興里,67000310019,復興分隊
永康區,復國里,67000310020,復興分隊
永康區,建國里,67000310021,復興分隊
永康區,神洲里,67000310022,復興分隊
永康區,成功里,67000310024,復興分隊
永康區,中興里,67000310025,復興分隊
永康區,勝利里,67000310026,復興分隊
永康區,光復里,67000310028,復興分隊
永康區,六合里,67000310031,復興分隊
永康區,三合里,67000310032,復興分隊
永康區,復華里,67000310037,復興分隊
永康區,中華里,67000310039,復興分隊
永康區,網寮里,67000310002,永康分隊
永康區,永康里,67000310003,永康分隊
永康區,埔園里,67000310004,永康分隊
永康區,大橋里,67000310005,永康分隊
永康區,王行里,67000310006,永康分隊
永康區,烏竹里,67000310007,永康分隊
永康區,龍潭里,67000310027,永康分隊
永康區,二王里,67000310030,永康分隊
永康區,東橋里,67000310033,永康分隊
永康區,安康里,67000310034,永康分隊
永康區,西橋里,67000310035,永康分隊
永康區,正強里,67000310038,永康分隊
永康區,龍埔里,67000310041,永康分隊
永康區,永明里,67000310042,永康分隊
永康區,蔦松里,67000310008,鹽行分隊
永康區,三民里,67000310009,鹽行分隊
永康區,塩行里,67000310010,鹽行分隊
永康區,甲頂里,67000310011,鹽行分隊
永康區,塩洲里,67000310029,鹽行分隊
永康區,尚頂里,67000310036,鹽行分隊
永康區,塩興里,67000310043,鹽行分隊
歸仁區,南保里,67000280001,保西分隊
歸仁區,歸仁里,67000280003,保西分隊
歸仁區,後市里,67000280004,保西分隊
歸仁區,八甲里,67000280013,保西分隊
歸仁區,七甲里,67000280014,保西分隊
歸仁區,媽廟里,67000280015,保西分隊
歸仁區,西埔里,67000280016,保西分隊
歸仁區,大廟里,67000280017,保西分隊
歸仁區,南興里,67000280018,保西分隊
歸仁區,文化里,67000280021,保西分隊
歸仁區,六甲里,67000280002,歸仁分隊
歸仁區,辜厝里,67000280005,歸仁分隊
歸仁區,許厝里,67000280006,歸仁分隊
歸仁區,看西里,67000280007,歸仁分隊
歸仁區,看東里,67000280008,歸仁分隊
歸仁區,崙頂里,67000280009,歸仁分隊
歸仁區,沙崙里,67000280010,歸仁分隊
歸仁區,大潭里,67000280011,歸仁分隊
歸仁區,武東里,67000280012,歸仁分隊
歸仁區,新厝里,67000280019,歸仁分隊
歸仁區,歸南里,67000280020,歸仁分隊
仁德區,太子里,67000270001,仁德分隊
仁德區,土庫里,67000270002,仁德分隊
仁德區,一甲里,67000270003,仁德分隊
仁德區,仁德里,67000270004,仁德分隊
仁德區,仁義里,67000270005,仁德分隊
仁德區,新田里,67000270006,仁德分隊
仁德區,後壁里,67000270007,仁德分隊
仁德區,上崙里,67000270008,文賢分隊
仁德區,保安里,67000270011,文賢分隊
仁德區,成功里,67000270012,文賢分隊
仁德區,仁和里,67000270013,文賢分隊
仁德區,仁愛里,67000270014,文賢分隊
仁德區,二行里,67000270015,文賢分隊
仁德區,大甲里,67000270016,文賢分隊
仁德區,中洲里,67000270017,文賢分隊
仁德區,文賢里,67000270019,文賢分隊
關廟區,關廟里,67000290001,關廟分隊
關廟區,山西里,67000290002,關廟分隊
關廟區,香洋里,67000290003,關廟分隊
關廟區,北勢里,67000290004,關廟分隊
關廟區,新埔里,67000290005,關廟分隊
關廟區,新光里,67000290006,關廟分隊
關廟區,五甲里,67000290007,關廟分隊
關廟區,東勢里,67000290008,關廟分隊
關廟區,松腳里,67000290009,關廟分隊
關廟區,深坑里,67000290012,關廟分隊
關廟區,布袋里,67000290013,關廟分隊
關廟區,埤頭里,67000290016,關廟分隊
關廟區,下湖里,67000290017,關廟分隊
關廟區,花園里,67000290018,關廟分隊
關廟區,龜洞里,67000290020,關廟分隊
龍崎區,崎頂里,67000300001,關廟分隊
龍崎區,土崎里,67000300002,關廟分隊
龍崎區,中坑里,67000300003,關廟分隊
龍崎區,楠坑里,67000300004,關廟分隊
龍崎區,牛埔里,67000300005,關廟分隊
龍崎區,大坪里,67000300006,關廟分隊
龍崎區,龍船里,67000300007,關廟分隊
龍崎區,石𥕢里,67000300008,關廟分隊
北區,開元里,67000340001,公園分隊
北區,東興里,67000340004,公園分隊
北區,力行里,67000340005,公園分隊
北區,振興里,67000340007,公園分隊
北區,仁愛里,67000340008,公園分隊
北區,重興里,67000340019,公園分隊
北區,和順里,67000340020,公園分隊
北區,正覺里,67000340023,公園分隊
北區,成功里,67000340024,公園分隊
北區,中樓里,67000340032,公園分隊
北區,公園里,67000340033,公園分隊
北區,元寶里,67000340038,公園分隊
北區,永祥里,67000340039,公園分隊
北區,成德里,67000340040,公園分隊
北區,長勝里,67000340044,公園分隊
北區,合興里,67000340045,公園分隊
北區,北門里,67000340046,公園分隊
北區,小北里,67000340047,公園分隊
北區,大光里,67000340048,公園分隊
北區,大興里,67000340049,公園分隊
北區,長興里,67000340050,公園分隊
北區,北華里,67000340051,公園分隊
北區,華德里,67000340052,公園分隊
北區,福德里,67000340053,公園分隊
北區,立人里,67000340054,公園分隊
北區,大豐里,67000340018,和緯分隊
北區,文元里,67000340025,和緯分隊
北區,大港里,67000340026,和緯分隊
北區,文成里,67000340041,和緯分隊
北區,大和里,67000340042,和緯分隊
北區,賢北里,67000340043,和緯分隊
北區,雙安里,67000340055,和緯分隊
北區,元美里,67000340056,和緯分隊
安南區,塩田里,67000350019,土城分隊
安南區,公󻕯里,67000350024,土城分隊
安南區,南興里,67000350025,土城分隊
安南區,學東里,67000350026,土城分隊
安南區,城東里,67000350027,土城分隊
安南區,城北里,67000350028,土城分隊
安南區,城中里,67000350029,土城分隊
安南區,城南里,67000350030,土城分隊
安南區,城西里,67000350031,土城分隊
安南區,青草里,67000350032,土城分隊
安南區,砂崙里,67000350033,土城分隊
安南區,鹿耳里,67000350035,土城分隊
安南區,四草里,67000350036,土城分隊
安南區,媽祖宮里,67000350052,土城分隊
安南區,原佃里,67000350011,安南分隊
安南區,總頭里,67000350012,安南分隊
安南區,長安里,67000350013,安南分隊
安南區,海東里,67000350015,安南分隊
安南區,海西里,67000350016,安南分隊
安南區,海南里,67000350017,安南分隊
安南區,溪心里,67000350018,安南分隊
安南區,淵東里,67000350020,安南分隊
安南區,淵西里,67000350021,安南分隊
安南區,佃東里,67000350022,安南分隊
安南區,佃西里,67000350023,安南分隊
安南區,溪墘里,67000350040,安南分隊
安南區,海佃里,67000350041,安南分隊
安南區,幸福里,67000350042,安南分隊
安南區,鳳凰里,67000350043,安南分隊
安南區,梅花里,67000350044,安南分隊
安南區,理想里,67000350045,安南分隊
安南區,溪東里,67000350046,安南分隊
安南區,淵中里,67000350047,安南分隊
安南區,布袋里,67000350048,安南分隊
安南區,國安里,67000350049,安南分隊
安南區,安富里,67000350050,安南分隊
安南區,大安里,67000350051,安南分隊
安南區,東和里,67000350001,安和分隊
安南區,安順里,67000350002,安和分隊
安南區,󻕯南里,67000350003,安和分隊
安南區,州南里,67000350004,安和分隊
安南區,州北里,67000350005,安和分隊
安南區,安東里,67000350006,安和分隊
安南區,安西里,67000350007,安和分隊
安南區,頂安里,67000350008,安和分隊
安南區,安慶里,67000350009,安和分隊
安南區,新順里,67000350010,安和分隊
安南區,公親里,67000350014,安和分隊
安南區,安和里,67000350037,安和分隊
安南區,溪北里,67000350038,安和分隊
安南區,溪頂里,67000350039,安和分隊
安平區,金城里,67000360002,安平分隊
安平區,漁光里,67000360004,安平分隊
安平區,建平里,67000360005,安平分隊
安平區,怡平里,67000360006,安平分隊
安平區,華平里,67000360007,安平分隊
安平區,平通里,67000360008,安平分隊
安平區,文平里,67000360009,安平分隊
安平區,國平里,67000360010,安平分隊
安平區,育平里,67000360011,安平分隊
安平區,億載里,67000360012,安平分隊
安平區,平安里,67000360015,安平分隊
安平區,天妃里,67000360016,安平分隊
安平區,王城里,67000360017,安平分隊
中西區,赤嵌里,67000370005,中正分隊
中西區,郡王里,67000370007,中正分隊
中西區,開山里,67000370011,中正分隊
中西區,永華里,67000370016,中正分隊
中西區,城隍里,67000370039,中正分隊
中西區,南美里,67000370040,中正分隊
中西區,南門里,67000370041,中正分隊
中西區,法華里,67000370009,南門分隊
中西區,小西門里,67000370042,南門分隊
中西區,藥王里,67000370022,永華分隊
中西區,光賢里,67000370025,永華分隊
中西區,大涼里,67000370031,永華分隊
中西區,西湖里,67000370033,永華分隊
中西區,西賢里,67000370034,永華分隊
中西區,五條港里,67000370043,永華分隊
中西區,兌悅里,67000370044,永華分隊
中西區,淺草里,67000370045,永華分隊
中西區,府前里,67000370046,永華分隊
中西區,南廠里,67000370047,永華分隊
中西區,西和里,67000370048,永華分隊
東區,大智里,67000320003,崇善分隊
東區,崇學里,67000320004,崇善分隊
東區,仁和里,67000320006,崇善分隊
東區,崇明里,67000320012,崇善分隊
東區,和平里,67000320014,崇善分隊
東區,路東里,67000320015,崇善分隊
東區,大德里,67000320016,崇善分隊
東區,崇善里,67000320019,崇善分隊
東區,德高里,67000320026,崇善分隊
東區,大福里,67000320028,崇善分隊
東區,忠孝里,67000320029,崇善分隊
東區,崇德里,67000320032,崇善分隊
東區,東智里,67000320033,崇善分隊
東區,崇成里,67000320035,崇善分隊
東區,崇信里,67000320040,崇善分隊
東區,崇文里,67000320041,崇善分隊
東區,後甲里,67000320007,後甲分隊
東區,東光里,67000320008,後甲分隊
東區,自強里,67000320013,後甲分隊
東區,關聖里,67000320017,後甲分隊
東區,小東里,67000320022,後甲分隊
東區,虎尾里,67000320025,後甲分隊
東區,莊敬里,67000320027,後甲分隊
東區,東聖里,67000320034,後甲分隊
東區,復興里,67000320042,後甲分隊
東區,裕聖里,67000320043,後甲分隊
東區,南聖里,67000320044,後甲分隊
東區,文聖里,67000320045,後甲分隊
東區,富裕里,67000320001,東門分隊
東區,裕農里,67000320002,東門分隊
東區,泉南里,67000320005,東門分隊
東區,新東里,67000320009,東門分隊
東區,中西里,67000320010,東門分隊
東區,東安里,67000320011,東門分隊
東區,衛國里,67000320018,東門分隊
東區,富強里,67000320020,東門分隊
東區,圍下里,67000320021,東門分隊
東區,大學里,67000320023,東門分隊
東區,龍山里,67000320024,東門分隊
東區,崇誨里,67000320030,東門分隊
東區,東明里,67000320031,東門分隊
東區,東門里,67000320036,東門分隊
東區,成大里,67000320037,東門分隊
東區,大同里,67000320038,東門分隊
東區,德光里,67000320039,東門分隊
南區,竹溪里,67000330001,南門分隊
南區,明德里,67000330003,南門分隊
南區,大成里,67000330004,南門分隊
南區,大林里,67000330021,南門分隊
南區,大忠里,67000330022,南門分隊
南區,大恩里,67000330023,南門分隊
南區,新生里,67000330024,南門分隊
南區,廣州里,67000330005,德興分隊
南區,新昌里,67000330006,德興分隊
南區,新興里,67000330007,德興分隊
南區,田寮里,67000330008,德興分隊
南區,國宅里,67000330009,德興分隊
南區,光明里,67000330011,德興分隊
南區,明亮里,67000330013,德興分隊
南區,再興里,67000330025,德興分隊
南區,明興里,67000330026,德興分隊
南區,文華里,67000330027,德興分隊
南區,金華里,67000330028,德興分隊
南區,南都里,67000330029,德興分隊
南區,開南里,67000330030,德興分隊
南區,彰南里,67000330031,德興分隊
南區,建南里,67000330032,德興分隊
南區,郡南里,67000330033,德興分隊
南區,府南里,67000330034,德興分隊
南區,文南里,67000330035,德興分隊
南區,南華里,67000330039,德興分隊
南區,鹽埕里,67000330040,德興分隊
南區,喜東里,67000330014,灣裡分隊
南區,喜北里,67000330015,灣裡分隊
南區,喜南里,67000330016,灣裡分隊
南區,省躬里,67000330017,灣裡分隊
南區,興農里,67000330018,灣裡分隊
南區,同安里,67000330019,灣裡分隊
南區,佛壇里,67000330020,灣裡分隊
南區,鯤鯓里,67000330036,灣裡分隊
南區,松安里,67000330037,灣裡分隊
南區,永寧里,67000330038,灣裡分隊
